<csw:GetRecordsResponse xmlns:csw="http://www.opengis.net/cat/csw/2.0.2" xmlns:xsi="http://www.w3.org/2001/XMLSchema-instance" xsi:schemaLocation="http://www.opengis.net/cat/csw/2.0.2 http://schemas.opengis.net/csw/2.0.2/CSW-discovery.xsd">
  <csw:SearchStatus timestamp="2020-03-17T14:19:34" />
  <csw:SearchResults numberOfRecordsMatched="1" numberOfRecordsReturned="1" elementSet="full" nextRecord="0">
    <gmd:MD_Metadata xmlns:gmd="http://www.isotc211.org/2005/gmd" xmlns:gml="http://www.opengis.net/gml/3.2" xmlns:gco="http://www.isotc211.org/2005/gco" xmlns:geonet="http://www.fao.org/geonetwork" xsi:schemaLocation="http://www.isotc211.org/2005/gmd http://schemas.opengis.net/csw/2.0.2/profiles/apiso/1.0.0/apiso.xsd">
      <gmd:fileIdentifier xmlns:srv="http://www.isotc211.org/2005/srv">
        <gco:CharacterString xmlns:gmx="http://www.isotc211.org/2005/gmx">88f3dff4-70d0-416a-bd6c-d3244d5317c7</gco:CharacterString>
      </gmd:fileIdentifier>
      <gmd:language gco:nilReason="missing">
        <gco:CharacterString />
      </gmd:language>
      <gmd:hierarchyLevel>
        <gmd:MD_ScopeCode codeList="http://www.isotc211.org/2005/resources/codeList.xml#MD_ScopeCode" codeListValue="dataset" />
      </gmd:hierarchyLevel>
      <gmd:contact>
        <gmd:CI_ResponsibleParty>
          <gmd:individualName>
            <gco:CharacterString>Troy Frazier</gco:CharacterString>
          </gmd:individualName>
          <gmd:organisationName>
            <gco:CharacterString>Ad Valorem Division - Oklahoma Tax Commission</gco:CharacterString>
          </gmd:organisationName>
          <gmd:positionName>
            <gco:CharacterString>Cartographer</gco:CharacterString>
          </gmd:positionName>
          <gmd:contactInfo>
            <gmd:CI_Contact>
              <gmd:phone>
                <gmd:CI_Telephone>
                  <gmd:voice>
                    <gco:CharacterString>(405) 521-3178</gco:CharacterString>
                  </gmd:voice>
                  <gmd:facsimile>
                    <gco:CharacterString>(405) 521-3991</gco:CharacterString>
                  </gmd:facsimile>
                </gmd:CI_Telephone>
              </gmd:phone>
              <gmd:address>
                <gmd:CI_Address>
                  <gmd:deliveryPoint>
                    <gco:CharacterString>PO Box 53248</gco:CharacterString>
                  </gmd:deliveryPoint>
                  <gmd:city>
                    <gco:CharacterString>Oklahoma City</gco:CharacterString>
                  </gmd:city>
                  <gmd:administrativeArea>
                    <gco:CharacterString>Ok</gco:CharacterString>
                  </gmd:administrativeArea>
                  <gmd:postalCode>
                    <gco:CharacterString>73152-3248</gco:CharacterString>
                  </gmd:postalCode>
                  <gmd:country>
                    <gco:CharacterString>United States of America</gco:CharacterString>
                  </gmd:country>
                  <gmd:electronicMailAddress>
                    <gco:CharacterString>tfrazier@oktax.state.ok.us</gco:CharacterString>
                  </gmd:electronicMailAddress>
                </gmd:CI_Address>
              </gmd:address>
              <gmd:hoursOfService>
                <gco:CharacterString>9:00am - 4:00pm, Monday &amp; Friday</gco:CharacterString>
              </gmd:hoursOfService>
            </gmd:CI_Contact>
          </gmd:contactInfo>
          <gmd:role>
            <gmd:CI_RoleCode codeList="http://www.isotc211.org/2005/resources/codeList.xml#CI_RoleCode" codeListValue="pointOfContact" codeSpace="ISOTC211/19115" />
          </gmd:role>
        </gmd:CI_ResponsibleParty>
      </gmd:contact>
      <gmd:dateStamp>
        <gco:DateTime xmlns:gmx="http://www.isotc211.org/2005/gmx" xmlns:srv="http://www.isotc211.org/2005/srv">2009-07-01T14:40:08</gco:DateTime>
      </gmd:dateStamp>
      <gmd:metadataStandardName>
        <gco:CharacterString xmlns:gmx="http://www.isotc211.org/2005/gmx" xmlns:srv="http://www.isotc211.org/2005/srv">ISO 19115:2003/19139</gco:CharacterString>
      </gmd:metadataStandardName>
      <gmd:metadataStandardVersion>
        <gco:CharacterString xmlns:gmx="http://www.isotc211.org/2005/gmx" xmlns:srv="http://www.isotc211.org/2005/srv">1.0</gco:CharacterString>
      </gmd:metadataStandardVersion>
      <gmd:spatialRepresentationInfo>
        <gmd:MD_VectorSpatialRepresentation>
          <gmd:geometricObjects>
            <gmd:MD_GeometricObjects>
              <gmd:geometricObjectType>
                <gmd:MD_GeometricObjectTypeCode codeList="http://www.isotc211.org/2005/resources/codeList.xml#MD_GeometricObjectTypeCode" codeListValue="complex" codeSpace="ISOTC211/19115" />
              </gmd:geometricObjectType>
              <gmd:geometricObjectCount>
                <gco:Integer>0</gco:Integer>
              </gmd:geometricObjectCount>
            </gmd:MD_GeometricObjects>
          </gmd:geometricObjects>
        </gmd:MD_VectorSpatialRepresentation>
      </gmd:spatialRepresentationInfo>
      <gmd:identificationInfo>
        <gmd:MD_DataIdentification>
          <gmd:citation>
            <gmd:CI_Citation>
              <gmd:title>
                <gco:CharacterString>Township/Range</gco:CharacterString>
              </gmd:title>
              <gmd:date>
                <gmd:CI_Date>
                  <gmd:date>
                    <gco:Date>2002-06-10</gco:Date>
                  </gmd:date>
                  <gmd:dateType>
                    <gmd:CI_DateTypeCode codeList="http://www.isotc211.org/2005/resources/codeList.xml#CI_DateTypeCode" codeListValue="publication" codeSpace="ISOTC211/19115" />
                  </gmd:dateType>
                </gmd:CI_Date>
              </gmd:date>
              <gmd:citedResponsibleParty>
                <gmd:CI_ResponsibleParty>
                  <gmd:organisationName>
                    <gco:CharacterString>Troy L. Frazier</gco:CharacterString>
                  </gmd:organisationName>
                  <gmd:role>
                    <gmd:CI_RoleCode codeList="http://www.isotc211.org/2005/resources/codeList.xml#CI_RoleCode" codeListValue="originator" codeSpace="ISOTC211/19115" />
                  </gmd:role>
                </gmd:CI_ResponsibleParty>
              </gmd:citedResponsibleParty>
              <gmd:citedResponsibleParty>
                <gmd:CI_ResponsibleParty>
                  <gmd:organisationName>
                    <gco:CharacterString>Ad Valorem Division - Oklahoma Tax Commission</gco:CharacterString>
                  </gmd:organisationName>
                  <gmd:role>
                    <gmd:CI_RoleCode codeList="http://www.isotc211.org/2005/resources/codeList.xml#CI_RoleCode" codeListValue="publisher" codeSpace="ISOTC211/19115" />
                  </gmd:role>
                </gmd:CI_ResponsibleParty>
              </gmd:citedResponsibleParty>
              <gmd:presentationForm>
                <gmd:CI_PresentationFormCode codeList="http://www.isotc211.org/2005/resources/codeList.xml#CI_PresentationFormCode" codeListValue="mapDigital" codeSpace="ISOTC211/19115" />
              </gmd:presentationForm>
            </gmd:CI_Citation>
          </gmd:citation>
          <gmd:abstract>
            <gco:CharacterString>This is a copy of the of a data set that contained township, range, and section boundaries from the public land survey system for Oklahoma. This data set was created by appending and editing U.S. Geological Survey Digital Line Graph data sets (1994) based on 1:100,000-scale topographic quadrangles.</gco:CharacterString>
          </gmd:abstract>
          <gmd:purpose>
            <gco:CharacterString>To allow searching by section-township-range and to allow labeling of sections</gco:CharacterString>
          </gmd:purpose>
          <gmd:status>
            <gmd:MD_ProgressCode codeList="http://www.isotc211.org/2005/resources/codeList.xml#MD_ProgressCode" codeListValue="completed" codeSpace="ISOTC211/19115" />
          </gmd:status>
          <gmd:resourceMaintenance>
            <gmd:MD_MaintenanceInformation />
          </gmd:resourceMaintenance>
          <gmd:graphicOverview>
            <gmd:MD_BrowseGraphic>
              <gmd:fileName>
                <gco:CharacterString>twprng_s.png</gco:CharacterString>
              </gmd:fileName>
              <gmd:fileDescription>
                <gco:CharacterString>thumbnail</gco:CharacterString>
              </gmd:fileDescription>
              <gmd:fileType>
                <gco:CharacterString>png</gco:CharacterString>
              </gmd:fileType>
            </gmd:MD_BrowseGraphic>
          </gmd:graphicOverview>
          <gmd:graphicOverview>
            <gmd:MD_BrowseGraphic>
              <gmd:fileName>
                <gco:CharacterString>twprng.png</gco:CharacterString>
              </gmd:fileName>
              <gmd:fileDescription>
                <gco:CharacterString>large_thumbnail</gco:CharacterString>
              </gmd:fileDescription>
              <gmd:fileType>
                <gco:CharacterString>png</gco:CharacterString>
              </gmd:fileType>
            </gmd:MD_BrowseGraphic>
          </gmd:graphicOverview>
          <gmd:descriptiveKeywords>
            <gmd:MD_Keywords>
              <gmd:keyword>
                <gco:CharacterString>RANGE: the range range number east or west of the base point</gco:CharacterString>
              </gmd:keyword>
              <gmd:keyword>
                <gco:CharacterString>NORTH_SOUT: the direction north or south from the base point</gco:CharacterString>
              </gmd:keyword>
              <gmd:keyword>
                <gco:CharacterString>sections</gco:CharacterString>
              </gmd:keyword>
              <gmd:keyword>
                <gco:CharacterString>EAST_WEST: the direction east or west from the base point</gco:CharacterString>
              </gmd:keyword>
              <gmd:keyword>
                <gco:CharacterString>SECT_NUM: the section number by itself</gco:CharacterString>
              </gmd:keyword>
              <gmd:keyword>
                <gco:CharacterString>MERIDIAN: CM refers to the Cimarron Meridian for the panhandle, IM refers to the Indian Meridian for the rest of the state</gco:CharacterString>
              </gmd:keyword>
              <gmd:keyword>
                <gco:CharacterString>Base Point: one of two points of origin for the rectangular surveys (as stipulated by the Northwest Ordinance of 1785) of Oklahoma the base point for the panhandle is in the southwest corner of Cimarron County, the base point for the rest of the state is in the south central part of the state</gco:CharacterString>
              </gmd:keyword>
              <gmd:keyword>
                <gco:CharacterString>TOWNSHIP: the township number north or south of the base point</gco:CharacterString>
              </gmd:keyword>
              <gmd:keyword>
                <gco:CharacterString>SECTIONS: the section-township-range</gco:CharacterString>
              </gmd:keyword>
              <gmd:keyword>
                <gco:CharacterString>Land Grids</gco:CharacterString>
              </gmd:keyword>
              <gmd:keyword>
                <gco:CharacterString>TRS</gco:CharacterString>
              </gmd:keyword>
              <gmd:keyword>
                <gco:CharacterString>TR</gco:CharacterString>
              </gmd:keyword>
              <gmd:keyword>
                <gco:CharacterString>townships</gco:CharacterString>
              </gmd:keyword>
              <gmd:keyword>
                <gco:CharacterString>PLSS</gco:CharacterString>
              </gmd:keyword>
              <gmd:keyword>
                <gco:CharacterString>PLS</gco:CharacterString>
              </gmd:keyword>
              <gmd:keyword>
                <gco:CharacterString>GLO</gco:CharacterString>
              </gmd:keyword>
              <gmd:type>
                <gmd:MD_KeywordTypeCode codeList="http://www.isotc211.org/2005/resources/codeList.xml#MD_KeywordTypeCode" codeListValue="theme" codeSpace="ISOTC211/19115" />
              </gmd:type>
              <gmd:thesaurusName>
                <gmd:CI_Citation>
                  <gmd:title>
                    <gco:CharacterString>None</gco:CharacterString>
                  </gmd:title>
                </gmd:CI_Citation>
              </gmd:thesaurusName>
            </gmd:MD_Keywords>
          </gmd:descriptiveKeywords>
          <gmd:resourceConstraints>
            <gmd:MD_LegalConstraints>
              <gmd:accessConstraints>
                <gmd:MD_RestrictionCode codeList="http://www.isotc211.org/2005/resources/codeList.xml#MD_RestrictionCode" codeListValue="otherRestrictions" codeSpace="ISOTC211/19115" />
              </gmd:accessConstraints>
              <gmd:useConstraints>
                <gmd:MD_RestrictionCode codeList="http://www.isotc211.org/2005/resources/codeList.xml#MD_RestrictionCode" codeListValue="otherRestrictions" codeSpace="ISOTC211/19115" />
              </gmd:useConstraints>
              <gmd:otherConstraints>
                <gco:CharacterString>access constraints: none</gco:CharacterString>
              </gmd:otherConstraints>
            </gmd:MD_LegalConstraints>
          </gmd:resourceConstraints>
          <gmd:resourceConstraints>
            <gmd:MD_LegalConstraints>
              <gmd:accessConstraints>
                <gmd:MD_RestrictionCode codeList="http://www.isotc211.org/2005/resources/codeList.xml#MD_RestrictionCode" codeListValue="otherRestrictions" codeSpace="ISOTC211/19115" />
              </gmd:accessConstraints>
              <gmd:useConstraints>
                <gmd:MD_RestrictionCode codeList="http://www.isotc211.org/2005/resources/codeList.xml#MD_RestrictionCode" codeListValue="otherRestrictions" codeSpace="ISOTC211/19115" />
              </gmd:useConstraints>
              <gmd:otherConstraints>
                <gco:CharacterString>access constraints: none</gco:CharacterString>
              </gmd:otherConstraints>
            </gmd:MD_LegalConstraints>
          </gmd:resourceConstraints>
          <gmd:resourceConstraints>
            <gmd:MD_LegalConstraints>
              <gmd:otherConstraints gco:nilReason="missing">
                <gco:CharacterString />
              </gmd:otherConstraints>
            </gmd:MD_LegalConstraints>
          </gmd:resourceConstraints>
          <gmd:language gco:nilReason="missing">
            <gco:CharacterString />
          </gmd:language>
          <gmd:environmentDescription>
            <gco:CharacterString>Microsoft Windows XP Version 5.1 (Build 2600) Service Pack 2; ESRI ArcCatalog 9.1.0.780</gco:CharacterString>
          </gmd:environmentDescription>
          <gmd:extent>
            <gmd:EX_Extent>
              <gmd:description>
                <gco:CharacterString>Finished</gco:CharacterString>
              </gmd:description>
              <gmd:temporalElement>
                <gmd:EX_TemporalExtent>
                  <gmd:extent>
                    <gml:TimePeriod gml:id="_eaf8e1d5c35c6a322dd5c2ebd40340">
                      <gml:endPosition>2002-06-10T00:00:00</gml:endPosition>
                    </gml:TimePeriod>
                  </gmd:extent>
                </gmd:EX_TemporalExtent>
              </gmd:temporalElement>
            </gmd:EX_Extent>
          </gmd:extent>
          <gmd:extent>
            <gmd:EX_Extent>
              <gmd:geographicElement>
                <gmd:EX_GeographicBoundingBox>
                  <gmd:westBoundLongitude>
                    <gco:Decimal>-103.000499</gco:Decimal>
                  </gmd:westBoundLongitude>
                  <gmd:eastBoundLongitude>
                    <gco:Decimal>-94.431572</gco:Decimal>
                  </gmd:eastBoundLongitude>
                  <gmd:southBoundLatitude>
                    <gco:Decimal>33.618388</gco:Decimal>
                  </gmd:southBoundLatitude>
                  <gmd:northBoundLatitude>
                    <gco:Decimal>37.000057</gco:Decimal>
                  </gmd:northBoundLatitude>
                </gmd:EX_GeographicBoundingBox>
              </gmd:geographicElement>
            </gmd:EX_Extent>
          </gmd:extent>
        </gmd:MD_DataIdentification>
      </gmd:identificationInfo>
      <gmd:distributionInfo>
        <gmd:MD_Distribution>
          <gmd:distributionFormat>
            <gmd:MD_Format>
              <gmd:name>
                <gco:CharacterString>ERSI Shapefile</gco:CharacterString>
              </gmd:name>
              <gmd:version>
                <gco:CharacterString>unknown</gco:CharacterString>
              </gmd:version>
            </gmd:MD_Format>
          </gmd:distributionFormat>
          <gmd:distributor>
            <gmd:MD_Distributor>
              <gmd:distributorContact>
                <gmd:CI_ResponsibleParty>
                  <gmd:individualName>
                    <gco:CharacterString>Troy Frazier</gco:CharacterString>
                  </gmd:individualName>
                  <gmd:organisationName>
                    <gco:CharacterString>Ad Valorem Division - Oklahoma Tax Commission</gco:CharacterString>
                  </gmd:organisationName>
                  <gmd:positionName>
                    <gco:CharacterString>Cartographer</gco:CharacterString>
                  </gmd:positionName>
                  <gmd:contactInfo>
                    <gmd:CI_Contact>
                      <gmd:phone>
                        <gmd:CI_Telephone>
                          <gmd:voice>
                            <gco:CharacterString>(405) 521-3178</gco:CharacterString>
                          </gmd:voice>
                          <gmd:facsimile>
                            <gco:CharacterString>(405) 521-3991</gco:CharacterString>
                          </gmd:facsimile>
                        </gmd:CI_Telephone>
                      </gmd:phone>
                      <gmd:address>
                        <gmd:CI_Address>
                          <gmd:deliveryPoint>
                            <gco:CharacterString>PO Box 53248</gco:CharacterString>
                          </gmd:deliveryPoint>
                          <gmd:city>
                            <gco:CharacterString>Oklahoma City</gco:CharacterString>
                          </gmd:city>
                          <gmd:administrativeArea>
                            <gco:CharacterString>Ok</gco:CharacterString>
                          </gmd:administrativeArea>
                          <gmd:postalCode>
                            <gco:CharacterString>73152-3248</gco:CharacterString>
                          </gmd:postalCode>
                          <gmd:country>
                            <gco:CharacterString>United States of America</gco:CharacterString>
                          </gmd:country>
                          <gmd:electronicMailAddress>
                            <gco:CharacterString>tfrazier@oktax.state.ok.us</gco:CharacterString>
                          </gmd:electronicMailAddress>
                        </gmd:CI_Address>
                      </gmd:address>
                      <gmd:hoursOfService>
                        <gco:CharacterString>9:00am - 4:00pm, Monday &amp; Friday</gco:CharacterString>
                      </gmd:hoursOfService>
                    </gmd:CI_Contact>
                  </gmd:contactInfo>
                  <gmd:role>
                    <gmd:CI_RoleCode codeList="http://www.isotc211.org/2005/resources/codeList.xml#CI_RoleCode" codeListValue="pointOfContact" codeSpace="ISOTC211/19115" />
                  </gmd:role>
                </gmd:CI_ResponsibleParty>
              </gmd:distributorContact>
              <gmd:distributionOrderProcess>
                <gmd:MD_StandardOrderProcess>
                  <gmd:fees>
                    <gco:CharacterString>to be determined</gco:CharacterString>
                  </gmd:fees>
                </gmd:MD_StandardOrderProcess>
              </gmd:distributionOrderProcess>
              <gmd:distributorTransferOptions>
                <gmd:MD_DigitalTransferOptions />
              </gmd:distributorTransferOptions>
            </gmd:MD_Distributor>
          </gmd:distributor>
          <gmd:distributor>
            <gmd:MD_Distributor>
              <gmd:distributorTransferOptions>
                <gmd:MD_DigitalTransferOptions>
                  <gmd:onLine>
                    <gmd:CI_OnlineResource>
                      <gmd:description>
                        <gco:CharacterString>A section map of Oklahoma</gco:CharacterString>
                      </gmd:description>
                    </gmd:CI_OnlineResource>
                  </gmd:onLine>
                </gmd:MD_DigitalTransferOptions>
              </gmd:distributorTransferOptions>
            </gmd:MD_Distributor>
          </gmd:distributor>
          <gmd:transferOptions>
            <gmd:MD_DigitalTransferOptions>
              <gmd:onLine>
                <gmd:CI_OnlineResource>
                  <gmd:linkage xmlns:srv="http://www.isotc211.org/2005/srv">
                    <gmd:URL>http://ogi.state.ok.us/geoserver/wms</gmd:URL>
                  </gmd:linkage>
                  <gmd:protocol>
                    <gco:CharacterString>OGC:WMS-1.1.1-http-get-map</gco:CharacterString>
                  </gmd:protocol>
                  <gmd:name>
                    <gco:CharacterString>ogi:twprng</gco:CharacterString>
                  </gmd:name>
                  <gmd:description>
                    <gco:CharacterString>Townships</gco:CharacterString>
                  </gmd:description>
                </gmd:CI_OnlineResource>
              </gmd:onLine>
            </gmd:MD_DigitalTransferOptions>
          </gmd:transferOptions>
        </gmd:MD_Distribution>
      </gmd:distributionInfo>
      <gmd:dataQualityInfo>
        <gmd:DQ_DataQuality>
          <gmd:scope>
            <gmd:DQ_Scope>
              <gmd:level>
                <gmd:MD_ScopeCode codeList="http://www.isotc211.org/2005/resources/codeList.xml#MD_ScopeCode" codeListValue="dataset" codeSpace="ISOTC211/19115" />
              </gmd:level>
            </gmd:DQ_Scope>
          </gmd:scope>
          <gmd:report>
            <gmd:DQ_TopologicalConsistency>
              <gmd:evaluationMethodDescription>
                <gco:CharacterString>Polygon topology present.</gco:CharacterString>
              </gmd:evaluationMethodDescription>
            </gmd:DQ_TopologicalConsistency>
          </gmd:report>
          <gmd:report>
            <gmd:DQ_AbsoluteExternalPositionalAccuracy>
              <gmd:evaluationMethodDescription>
                <gco:CharacterString>unknown</gco:CharacterString>
              </gmd:evaluationMethodDescription>
            </gmd:DQ_AbsoluteExternalPositionalAccuracy>
          </gmd:report>
          <gmd:report>
            <gmd:DQ_AbsoluteExternalPositionalAccuracy>
              <gmd:evaluationMethodDescription>
                <gco:CharacterString>unknown</gco:CharacterString>
              </gmd:evaluationMethodDescription>
            </gmd:DQ_AbsoluteExternalPositionalAccuracy>
          </gmd:report>
          <gmd:report>
            <gmd:DQ_QuantitativeAttributeAccuracy>
              <gmd:evaluationMethodDescription>
                <gco:CharacterString>unknown</gco:CharacterString>
              </gmd:evaluationMethodDescription>
            </gmd:DQ_QuantitativeAttributeAccuracy>
          </gmd:report>
          <gmd:lineage>
            <gmd:LI_Lineage>
              <gmd:processStep>
                <gmd:LI_ProcessStep>
                  <gmd:description>
                    <gco:CharacterString>Dataset copied.</gco:CharacterString>
                  </gmd:description>
                </gmd:LI_ProcessStep>
              </gmd:processStep>
              <gmd:processStep>
                <gmd:LI_ProcessStep>
                  <gmd:description>
                    <gco:CharacterString>Metadata imported.</gco:CharacterString>
                  </gmd:description>
                </gmd:LI_ProcessStep>
              </gmd:processStep>
              <gmd:processStep>
                <gmd:LI_ProcessStep>
                  <gmd:description>
                    <gco:CharacterString>Dataset moved.</gco:CharacterString>
                  </gmd:description>
                </gmd:LI_ProcessStep>
              </gmd:processStep>
              <gmd:source>
                <gmd:LI_Source>
                  <gmd:description gco:nilReason="missing">
                    <gco:CharacterString />
                  </gmd:description>
                  <gmd:scaleDenominator>
                    <gmd:MD_RepresentativeFraction>
                      <gmd:denominator>
                        <gco:Integer>0</gco:Integer>
                      </gmd:denominator>
                    </gmd:MD_RepresentativeFraction>
                  </gmd:scaleDenominator>
                  <gmd:sourceCitation>
                    <gmd:CI_Citation>
                      <gmd:title>
                        <gco:CharacterString>TNRGSEC</gco:CharacterString>
                      </gmd:title>
                      <gmd:date>
                        <gmd:CI_Date>
                          <gmd:date>
                            <gco:Date>1994-01-01</gco:Date>
                          </gmd:date>
                          <gmd:dateType>
                            <gmd:CI_DateTypeCode codeList="http://www.isotc211.org/2005/resources/codeList.xml#CI_DateTypeCode" codeListValue="publication" codeSpace="ISOTC211/19115" />
                          </gmd:dateType>
                        </gmd:CI_Date>
                      </gmd:date>
                      <gmd:edition>
                        <gco:CharacterString>unknown</gco:CharacterString>
                      </gmd:edition>
                      <gmd:citedResponsibleParty>
                        <gmd:CI_ResponsibleParty>
                          <gmd:organisationName>
                            <gco:CharacterString>USGS</gco:CharacterString>
                          </gmd:organisationName>
                          <gmd:role>
                            <gmd:CI_RoleCode codeList="http://www.isotc211.org/2005/resources/codeList.xml#CI_RoleCode" codeListValue="originator" codeSpace="ISOTC211/19115" />
                          </gmd:role>
                        </gmd:CI_ResponsibleParty>
                      </gmd:citedResponsibleParty>
                      <gmd:citedResponsibleParty>
                        <gmd:CI_ResponsibleParty>
                          <gmd:organisationName>
                            <gco:CharacterString>unknown</gco:CharacterString>
                          </gmd:organisationName>
                          <gmd:role>
                            <gmd:CI_RoleCode codeList="http://www.isotc211.org/2005/resources/codeList.xml#CI_RoleCode" codeListValue="publisher" codeSpace="ISOTC211/19115" />
                          </gmd:role>
                        </gmd:CI_ResponsibleParty>
                      </gmd:citedResponsibleParty>
                      <gmd:presentationForm>
                        <gmd:CI_PresentationFormCode codeList="http://www.isotc211.org/2005/resources/codeList.xml#CI_PresentationFormCode" codeListValue="mapHardcopy" codeSpace="ISOTC211/19115" />
                      </gmd:presentationForm>
                    </gmd:CI_Citation>
                  </gmd:sourceCitation>
                </gmd:LI_Source>
              </gmd:source>
            </gmd:LI_Lineage>
          </gmd:lineage>
        </gmd:DQ_DataQuality>
      </gmd:dataQualityInfo>
    </gmd:MD_Metadata>
  </csw:SearchResults>
</csw:GetRecordsResponse>