<csw:GetRecordsResponse xmlns:csw="http://www.opengis.net/cat/csw/2.0.2" xmlns:xsi="http://www.w3.org/2001/XMLSchema-instance" xsi:schemaLocation="http://www.opengis.net/cat/csw/2.0.2 http://schemas.opengis.net/csw/2.0.2/CSW-discovery.xsd">
  <csw:SearchStatus timestamp="2023-07-13T04:41:44" />
  <csw:SearchResults numberOfRecordsMatched="1" numberOfRecordsReturned="1" elementSet="full" nextRecord="0">
    <gmd:MD_Metadata xmlns:gmd="http://www.isotc211.org/2005/gmd" xmlns:gml="http://www.opengis.net/gml/3.2" xmlns:gts="http://www.isotc211.org/2005/gts" xmlns:gco="http://www.isotc211.org/2005/gco" xmlns:geonet="http://www.fao.org/geonetwork" xsi:schemaLocation="http://www.isotc211.org/2005/gmd http://schemas.opengis.net/csw/2.0.2/profiles/apiso/1.0.0/apiso.xsd">
      <gmd:fileIdentifier xmlns:srv="http://www.isotc211.org/2005/srv" xmlns:gmx="http://www.isotc211.org/2005/gmx">
        <gco:CharacterString>6532f31f-1f3b-4a22-811b-cbb00a9b4568</gco:CharacterString>
      </gmd:fileIdentifier>
      <gmd:language>
        <gco:CharacterString>eng</gco:CharacterString>
      </gmd:language>
      <gmd:characterSet>
        <gmd:MD_CharacterSetCode codeListValue="utf8" codeList="./resources/codeList.xml#MD_CharacterSetCode" />
      </gmd:characterSet>
      <gmd:contact>
        <gmd:CI_ResponsibleParty>
          <gmd:individualName>
            <gco:CharacterString>Mike Sharp</gco:CharacterString>
          </gmd:individualName>
          <gmd:organisationName>
            <gco:CharacterString>Office of Geographic Information</gco:CharacterString>
          </gmd:organisationName>
          <gmd:positionName>
            <gco:CharacterString>State Geographic Information Coordinator</gco:CharacterString>
          </gmd:positionName>
          <gmd:contactInfo>
            <gmd:CI_Contact>
              <gmd:phone>
                <gmd:CI_Telephone>
                  <gmd:voice>
                    <gco:CharacterString>405-521-4813</gco:CharacterString>
                  </gmd:voice>
                  <gmd:facsimile gco:nilReason="missing">
                    <gco:CharacterString />
                  </gmd:facsimile>
                </gmd:CI_Telephone>
              </gmd:phone>
              <gmd:address>
                <gmd:CI_Address>
                  <gmd:deliveryPoint>
                    <gco:CharacterString>4545 N. Lincoln Blvd., Suite 11A</gco:CharacterString>
                  </gmd:deliveryPoint>
                  <gmd:city>
                    <gco:CharacterString>Oklahoma City</gco:CharacterString>
                  </gmd:city>
                  <gmd:administrativeArea>
                    <gco:CharacterString>OK</gco:CharacterString>
                  </gmd:administrativeArea>
                  <gmd:postalCode>
                    <gco:CharacterString>73105</gco:CharacterString>
                  </gmd:postalCode>
                  <gmd:country>
                    <gco:CharacterString>United States of America</gco:CharacterString>
                  </gmd:country>
                  <gmd:electronicMailAddress>
                    <gco:CharacterString>Mike.sharp@conservation.ok.gov</gco:CharacterString>
                  </gmd:electronicMailAddress>
                </gmd:CI_Address>
              </gmd:address>
            </gmd:CI_Contact>
          </gmd:contactInfo>
          <gmd:role>
            <gmd:CI_RoleCode codeListValue="pointOfContact" codeList="http://www.isotc211.org/2005/resources/codeList.xml#CI_RoleCode" />
          </gmd:role>
        </gmd:CI_ResponsibleParty>
      </gmd:contact>
      <gmd:dateStamp>
        <gco:DateTime xmlns:srv="http://www.isotc211.org/2005/srv" xmlns:gmx="http://www.isotc211.org/2005/gmx">2014-12-17T14:33:57</gco:DateTime>
      </gmd:dateStamp>
      <gmd:metadataStandardName>
        <gco:CharacterString>ISO 19115:2003/19139</gco:CharacterString>
      </gmd:metadataStandardName>
      <gmd:metadataStandardVersion>
        <gco:CharacterString>1.0</gco:CharacterString>
      </gmd:metadataStandardVersion>
      <gmd:referenceSystemInfo>
        <gmd:MD_ReferenceSystem>
          <gmd:referenceSystemIdentifier>
            <gmd:RS_Identifier>
              <gmd:code>
                <gco:CharacterString>WGS 1984</gco:CharacterString>
              </gmd:code>
            </gmd:RS_Identifier>
          </gmd:referenceSystemIdentifier>
        </gmd:MD_ReferenceSystem>
      </gmd:referenceSystemInfo>
      <gmd:identificationInfo>
        <gmd:MD_DataIdentification>
          <gmd:citation>
            <gmd:CI_Citation>
              <gmd:title>
                <gco:CharacterString>HUC12 Watershed Bndy</gco:CharacterString>
              </gmd:title>
              <gmd:date>
                <gmd:CI_Date>
                  <gmd:date>
                    <gco:DateTime>2014-12-03T22:43:00</gco:DateTime>
                  </gmd:date>
                  <gmd:dateType>
                    <gmd:CI_DateTypeCode codeListValue="publication" codeList="http://www.isotc211.org/2005/resources/codeList.xml#CI_DateTypeCode" />
                  </gmd:dateType>
                </gmd:CI_Date>
              </gmd:date>
              <gmd:edition gco:nilReason="missing">
                <gco:CharacterString />
              </gmd:edition>
              <gmd:presentationForm>
                <gmd:CI_PresentationFormCode codeListValue="mapDigital" codeList="http://www.isotc211.org/2005/resources/codeList.xml#CI_PresentationFormCode" />
              </gmd:presentationForm>
            </gmd:CI_Citation>
          </gmd:citation>
          <gmd:abstract>
            <gco:CharacterString>This is an 12 digit hydrologic unit coverage derived from the National Hydrologic Dataset for the State of Oklahoma and surrounding states. This data set consists of geo-referenced digital data and associated attributes created in accordance with the "FGDC Proposal, Version 1.0 - Federal Standards For Delineation of Hydrologic Unit Boundaries 3/01/02"(http://www.ftw.nrcs.usda.gov/huc_data.html). Polygons are attributed with hydrologic unit codes for 6th level sub-basins and their names including area in acres, square kilometers and square miles.</gco:CharacterString>
          </gmd:abstract>
          <gmd:purpose>
            <gco:CharacterString>The Watershed and Subwatershed hydrologic unit boundaries provide a uniquely identified and uniform method of subdividing large drainage areas. The smaller sized 6th level sub-watersheds (up to 40,000 acres) are useful for numerous application programs supported by a variety of local, State, and Federal Agencies. This data set is intended to be used as a tool for water-resource management and planning activities, particularly for site-specific and localized studies requiring a level of detail provided by large-scale map information.</gco:CharacterString>
          </gmd:purpose>
          <gmd:status>
            <gmd:MD_ProgressCode codeListValue="onGoing" codeList="http://www.isotc211.org/2005/resources/codeList.xml#MD_ProgressCode" />
          </gmd:status>
          <gmd:pointOfContact>
            <gmd:CI_ResponsibleParty>
              <gmd:individualName>
                <gco:CharacterString>Mike Sharp</gco:CharacterString>
              </gmd:individualName>
              <gmd:organisationName>
                <gco:CharacterString>Office of Geographic Information</gco:CharacterString>
              </gmd:organisationName>
              <gmd:positionName>
                <gco:CharacterString>State Geographic Information Coordinator</gco:CharacterString>
              </gmd:positionName>
              <gmd:contactInfo>
                <gmd:CI_Contact>
                  <gmd:phone>
                    <gmd:CI_Telephone>
                      <gmd:voice>
                        <gco:CharacterString>405-521-4813</gco:CharacterString>
                      </gmd:voice>
                      <gmd:facsimile gco:nilReason="missing">
                        <gco:CharacterString />
                      </gmd:facsimile>
                    </gmd:CI_Telephone>
                  </gmd:phone>
                  <gmd:address>
                    <gmd:CI_Address>
                      <gmd:deliveryPoint>
                        <gco:CharacterString>4545 N. Lincoln Blvd., Suite 11A</gco:CharacterString>
                      </gmd:deliveryPoint>
                      <gmd:city>
                        <gco:CharacterString>Oklahoma City</gco:CharacterString>
                      </gmd:city>
                      <gmd:administrativeArea>
                        <gco:CharacterString>OK</gco:CharacterString>
                      </gmd:administrativeArea>
                      <gmd:postalCode>
                        <gco:CharacterString>73105</gco:CharacterString>
                      </gmd:postalCode>
                      <gmd:country>
                        <gco:CharacterString>United States of America</gco:CharacterString>
                      </gmd:country>
                      <gmd:electronicMailAddress>
                        <gco:CharacterString>mike.sharp@conservation.ok.gov</gco:CharacterString>
                      </gmd:electronicMailAddress>
                    </gmd:CI_Address>
                  </gmd:address>
                </gmd:CI_Contact>
              </gmd:contactInfo>
              <gmd:role>
                <gmd:CI_RoleCode codeListValue="distributor" codeList="http://www.isotc211.org/2005/resources/codeList.xml#CI_RoleCode" />
              </gmd:role>
            </gmd:CI_ResponsibleParty>
          </gmd:pointOfContact>
          <gmd:resourceMaintenance>
            <gmd:MD_MaintenanceInformation>
              <gmd:maintenanceAndUpdateFrequency>
                <gmd:MD_MaintenanceFrequencyCode codeListValue="asNeeded" codeList="http://www.isotc211.org/2005/resources/codeList.xml#MD_MaintenanceFrequencyCode" />
              </gmd:maintenanceAndUpdateFrequency>
            </gmd:MD_MaintenanceInformation>
          </gmd:resourceMaintenance>
          <gmd:graphicOverview>
            <gmd:MD_BrowseGraphic>
              <gmd:fileName gco:nilReason="missing">
                <gco:CharacterString />
              </gmd:fileName>
              <gmd:fileDescription>
                <gco:CharacterString>thumbnail</gco:CharacterString>
              </gmd:fileDescription>
            </gmd:MD_BrowseGraphic>
          </gmd:graphicOverview>
          <gmd:graphicOverview>
            <gmd:MD_BrowseGraphic>
              <gmd:fileName gco:nilReason="missing">
                <gco:CharacterString />
              </gmd:fileName>
              <gmd:fileDescription>
                <gco:CharacterString>large_thumbnail</gco:CharacterString>
              </gmd:fileDescription>
            </gmd:MD_BrowseGraphic>
          </gmd:graphicOverview>
          <gmd:descriptiveKeywords>
            <gmd:MD_Keywords>
              <gmd:keyword>
                <gco:CharacterString>watershed</gco:CharacterString>
              </gmd:keyword>
              <gmd:keyword>
                <gco:CharacterString>boundary</gco:CharacterString>
              </gmd:keyword>
              <gmd:keyword>
                <gco:CharacterString>HUC12</gco:CharacterString>
              </gmd:keyword>
              <gmd:keyword>
                <gco:CharacterString>NHD</gco:CharacterString>
              </gmd:keyword>
              <gmd:keyword>
                <gco:CharacterString>National Hydrologic Dataset</gco:CharacterString>
              </gmd:keyword>
              <gmd:keyword>
                <gco:CharacterString>drainage</gco:CharacterString>
              </gmd:keyword>
              <gmd:keyword>
                <gco:CharacterString>water</gco:CharacterString>
              </gmd:keyword>
              <gmd:keyword>
                <gco:CharacterString>stream</gco:CharacterString>
              </gmd:keyword>
              <gmd:type>
                <gmd:MD_KeywordTypeCode codeListValue="theme" codeList="http://www.isotc211.org/2005/resources/codeList.xml#MD_KeywordTypeCode" />
              </gmd:type>
            </gmd:MD_Keywords>
          </gmd:descriptiveKeywords>
          <gmd:descriptiveKeywords>
            <gmd:MD_Keywords>
              <gmd:keyword>
                <gco:CharacterString>Oklahoma</gco:CharacterString>
              </gmd:keyword>
              <gmd:type>
                <gmd:MD_KeywordTypeCode codeListValue="place" codeList="http://www.isotc211.org/2005/resources/codeList.xml#MD_KeywordTypeCode" />
              </gmd:type>
            </gmd:MD_Keywords>
          </gmd:descriptiveKeywords>
          <gmd:resourceConstraints>
            <gmd:MD_LegalConstraints>
              <gmd:accessConstraints>
                <gmd:MD_RestrictionCode codeListValue="" codeList="http://www.isotc211.org/2005/resources/codeList.xml#MD_RestrictionCode" />
              </gmd:accessConstraints>
              <gmd:useConstraints>
                <gmd:MD_RestrictionCode codeListValue="" codeList="http://www.isotc211.org/2005/resources/codeList.xml#MD_RestrictionCode" />
              </gmd:useConstraints>
              <gmd:otherConstraints>
                <gco:CharacterString>No constraints</gco:CharacterString>
              </gmd:otherConstraints>
            </gmd:MD_LegalConstraints>
          </gmd:resourceConstraints>
          <gmd:spatialRepresentationType>
            <gmd:MD_SpatialRepresentationTypeCode codeListValue="vector" codeList="http://www.isotc211.org/2005/resources/codeList.xml#MD_SpatialRepresentationTypeCode" />
          </gmd:spatialRepresentationType>
          <gmd:spatialResolution>
            <gmd:MD_Resolution>
              <gmd:equivalentScale>
                <gmd:MD_RepresentativeFraction>
                  <gmd:denominator>
                    <gco:Integer>5000</gco:Integer>
                  </gmd:denominator>
                </gmd:MD_RepresentativeFraction>
              </gmd:equivalentScale>
            </gmd:MD_Resolution>
          </gmd:spatialResolution>
          <gmd:language>
            <gco:CharacterString>eng</gco:CharacterString>
          </gmd:language>
          <gmd:characterSet>
            <gmd:MD_CharacterSetCode codeListValue="utf8" codeList="http://www.isotc211.org/2005/resources/codeList.xml#MD_CharacterSetCode" />
          </gmd:characterSet>
          <gmd:topicCategory>
            <gmd:MD_TopicCategoryCode>boundaries</gmd:MD_TopicCategoryCode>
          </gmd:topicCategory>
          <gmd:extent>
            <gmd:EX_Extent>
              <gmd:temporalElement>
                <gmd:EX_TemporalExtent>
                  <gmd:extent>
                    <gml:TimePeriod gml:id="d754677e435a1050910">
                      <gml:beginPosition>2014-12-17T07:00:00</gml:beginPosition>
                      <gml:endPosition>2014-12-01T22:55:00</gml:endPosition>
                    </gml:TimePeriod>
                  </gmd:extent>
                </gmd:EX_TemporalExtent>
              </gmd:temporalElement>
            </gmd:EX_Extent>
          </gmd:extent>
          <gmd:extent>
            <gmd:EX_Extent>
              <gmd:geographicElement>
                <gmd:EX_GeographicBoundingBox>
                  <gmd:westBoundLongitude>
                    <gco:Decimal>-180</gco:Decimal>
                  </gmd:westBoundLongitude>
                  <gmd:eastBoundLongitude>
                    <gco:Decimal>180</gco:Decimal>
                  </gmd:eastBoundLongitude>
                  <gmd:southBoundLatitude>
                    <gco:Decimal>-90</gco:Decimal>
                  </gmd:southBoundLatitude>
                  <gmd:northBoundLatitude>
                    <gco:Decimal>90</gco:Decimal>
                  </gmd:northBoundLatitude>
                </gmd:EX_GeographicBoundingBox>
              </gmd:geographicElement>
            </gmd:EX_Extent>
          </gmd:extent>
          <gmd:supplementalInformation gco:nilReason="missing">
            <gco:CharacterString />
          </gmd:supplementalInformation>
        </gmd:MD_DataIdentification>
      </gmd:identificationInfo>
      <gmd:distributionInfo>
        <gmd:MD_Distribution>
          <gmd:transferOptions>
            <gmd:MD_DigitalTransferOptions>
              <gmd:onLine>
                <gmd:CI_OnlineResource>
                  <gmd:linkage>
                    <gmd:URL>http://204.62.18.181/geoserver/wms?</gmd:URL>
                  </gmd:linkage>
                  <gmd:protocol>
                    <gco:CharacterString>OGC:WMS-1.1.1-http-get-map</gco:CharacterString>
                  </gmd:protocol>
                  <gmd:name>
                    <gco:CharacterString>ogi:wbdhu12_2014_4326</gco:CharacterString>
                  </gmd:name>
                  <gmd:description>
                    <gco:CharacterString>HUC12 watershed boundaries</gco:CharacterString>
                  </gmd:description>
                </gmd:CI_OnlineResource>
              </gmd:onLine>
            </gmd:MD_DigitalTransferOptions>
          </gmd:transferOptions>
        </gmd:MD_Distribution>
      </gmd:distributionInfo>
      <gmd:dataQualityInfo>
        <gmd:DQ_DataQuality>
          <gmd:scope>
            <gmd:DQ_Scope>
              <gmd:level>
                <gmd:MD_ScopeCode codeListValue="dataset" codeList="http://www.isotc211.org/2005/resources/codeList.xml#MD_ScopeCode" />
              </gmd:level>
            </gmd:DQ_Scope>
          </gmd:scope>
          <gmd:lineage>
            <gmd:LI_Lineage>
              <gmd:statement gco:nilReason="missing">
                <gco:CharacterString />
              </gmd:statement>
            </gmd:LI_Lineage>
          </gmd:lineage>
        </gmd:DQ_DataQuality>
      </gmd:dataQualityInfo>
    </gmd:MD_Metadata>
  </csw:SearchResults>
</csw:GetRecordsResponse>